Frame,Time,Dextran_Area,Dextran_Mean,Dextran_Min,Dextran_Max
1,0.74,90.161,4.588,3,26
2,1.48,90.161,4.605,3,13
3,2.22,90.161,5.401,3,24
4,2.96,90.161,4.989,3,19
5,3.7,90.161,5.175,3,24
6,4.44,90.161,4.475,3,16
7,5.18,90.161,4.475,3,24
8,5.92,90.161,4.853,3,16
9,6.66,90.161,4.825,3,23
10,7.4,90.161,5.305,3,39
11,8.14,90.161,5.887,3,28
12,8.88,90.161,6.068,4,22
13,9.62,90.161,5.339,3,20
14,10.36,90.161,5.198,3,22
15,11.1,90.161,5.429,3,27
16,11.84,90.161,6.079,3,24
17,12.58,90.161,6.124,3,24
18,13.32,90.161,6.593,3,46
19,14.06,90.161,5.362,3,27
20,14.8,90.161,4.91,3,18
21,15.54,90.161,5.254,3,38
22,16.28,90.161,5.316,3,22
23,17.02,90.161,4.825,3,21
24,17.76,90.161,5.48,4,22
25,18.5,90.161,5.062,3,23
26,19.24,90.161,5.65,3,31
27,19.98,90.161,4.684,3,18
28,20.72,90.161,5.068,3,19
29,21.46,90.161,5.723,3,38
30,22.2,90.161,5.904,3,36
31,22.94,90.161,5.051,3,18
32,23.68,90.161,5.056,3,17
33,24.42,90.161,4.864,3,21
34,25.16,90.161,5.294,3,13
35,25.9,90.161,5.322,3,33
36,26.64,90.161,5.299,4,17
37,27.38,90.161,5.328,3,21
38,28.12,90.161,5.316,3,34
39,28.86,90.161,4.966,3,28
40,29.6,90.161,5.486,3,28
41,30.34,90.161,5.017,3,16
42,31.08,90.161,5.102,3,26
43,31.82,90.161,5.35,3,29
44,32.56,90.161,4.78,3,29
45,33.3,90.161,5.356,3,27
46,34.04,90.161,5.096,3,20
47,34.78,90.161,5.164,3,28
48,35.52,90.161,4.91,3,33
49,36.26,90.161,4.746,3,36
50,37,90.161,5.136,3,28
51,37.74,90.161,4.723,3,18
52,38.48,90.161,4.966,3,13
53,39.22,90.161,5.379,3,24
54,39.96,90.161,4.977,3,32
55,40.7,90.161,4.723,3,27
56,41.44,90.161,4.802,3,17
57,42.18,90.161,6.226,3,26
58,42.92,90.161,5.181,3,30
59,43.66,90.161,4.944,3,19
60,44.4,90.161,5.311,3,24
61,45.14,90.161,5.395,3,25
62,45.88,90.161,5.226,3,25
63,46.62,90.161,5.554,3,27
64,47.36,90.161,5.876,3,32
65,48.1,90.161,5.068,3,29
66,48.84,90.161,6.621,3,31
67,49.58,90.161,5.424,3,37
68,50.32,90.161,5.085,3,31
69,51.06,90.161,4.836,3,21
70,51.8,90.161,4.994,3,23
71,52.54,90.161,5.853,3,40
72,53.28,90.161,5.011,3,17
73,54.02,90.161,4.847,3,17
74,54.76,90.161,4.859,3,23
75,55.5,90.161,5.328,3,22
76,56.24,90.161,5.407,3,29
77,56.98,90.161,4.011,3,18
78,57.72,90.161,4.192,3,19
79,58.46,90.161,4.689,3,16
80,59.2,90.161,4.768,2,20
81,59.94,90.161,4.814,3,21
82,60.68,90.161,5.119,3,24
83,61.42,90.161,5.017,3,20
84,62.16,90.161,5.305,3,29
85,62.9,90.161,5.13,3,52
86,63.64,90.161,5.073,3,33
87,64.38,90.161,6.147,3,52
88,65.12,90.161,5.384,3,25
89,65.86,90.161,5.113,3,18
90,66.6,90.161,4.751,3,17
91,67.34,90.161,4.876,3,24
92,68.08,90.161,5.638,3,36
93,68.82,90.161,5.458,3,25
94,69.56,90.161,5.384,3,27
95,70.3,90.161,4.864,3,25
96,71.04,90.161,4.898,3,23
97,71.78,90.161,5.04,3,22
98,72.52,90.161,4.96,3,24
99,73.26,90.161,4.616,3,27
100,74,90.161,4.898,3,25
101,74.74,90.161,5.26,3,26
102,75.48,90.161,4.983,3,22
103,76.22,90.161,5.763,3,37
104,76.96,90.161,5.294,3,35
105,77.7,90.161,5.102,3,26
106,78.44,90.161,4.582,3,21
107,79.18,90.161,4.542,3,26
108,79.92,90.161,5.774,3,24
109,80.66,90.161,5.006,3,27
110,81.4,90.161,5.011,3,25
111,82.14,90.161,4.706,3,36
112,82.88,90.161,4.983,3,22
113,83.62,90.161,6.345,3,40
114,84.36,90.161,5.102,3,16
115,85.1,90.161,5.655,3,25
116,85.84,90.161,5.328,3,21
117,86.58,90.161,5.893,3,51
118,87.32,90.161,6.169,3,32
119,88.06,90.161,5.531,3,23
120,88.8,90.161,5.797,3,43
121,89.54,90.161,5.424,3,21
122,90.28,90.161,6.079,3,27
123,91.02,90.161,5.616,3,24
124,91.76,90.161,5.661,3,29
125,92.5,90.161,5.277,3,33
126,93.24,90.161,5.22,3,34
127,93.98,90.161,5.497,3,35
128,94.72,90.161,4.514,3,24
129,95.46,90.161,4.938,3,22
130,96.2,90.161,5.006,3,24
131,96.94,90.161,5.192,3,35
132,97.68,90.161,5.011,3,20
133,98.42,90.161,5.294,3,22
134,99.16,90.161,4.503,3,23
135,99.9,90.161,4.785,3,27
136,100.64,90.161,4.898,3,51
137,101.38,90.161,4.599,3,18
138,102.12,90.161,5.277,3,25
139,102.86,90.161,4.706,3,16
140,103.6,90.161,4.853,3,18
141,104.34,90.161,5.062,3,18
142,105.08,90.161,4.22,3,18
143,105.82,90.161,4.689,3,25
144,106.56,90.161,4.441,3,20
145,107.3,90.161,5.554,3,39
146,108.04,90.161,4.525,3,28
147,108.78,90.161,4.695,3,19
148,109.52,90.161,5.034,3,18
149,110.26,90.161,5.102,3,22
150,111,90.161,4.571,3,29
151,111.74,90.161,4.723,3,15
152,112.48,90.161,4.904,3,19
153,113.22,90.161,4.661,3,17
154,113.96,90.161,5.734,3,29
155,114.7,90.161,5.192,3,24
156,115.44,90.161,4.407,3,16
157,116.18,90.161,4.571,3,21
158,116.92,90.161,4.345,3,19
159,117.66,90.161,5.452,2,35
160,118.4,90.161,5.277,3,27
161,119.14,90.161,4.232,3,14
162,119.88,90.161,5.209,3,13
163,120.62,90.161,4.418,3,24
164,121.36,90.161,4.74,3,24
165,122.1,90.161,4.864,3,19
166,122.84,90.161,4.797,3,12
167,123.58,90.161,5.017,3,14
168,124.32,90.161,4.684,3,17
169,125.06,90.161,5.328,3,24
170,125.8,90.161,6.853,4,44
171,126.54,90.161,5.633,3,18
172,127.28,90.161,5.87,3,27
173,128.02,90.161,5.819,3,33
174,128.76,90.161,4.927,3,20
175,129.5,90.161,5.147,3,18
176,130.24,90.161,4.785,3,17
177,130.98,90.161,5.079,3,12
178,131.72,90.161,5.068,3,19
179,132.46,90.161,4.508,2,17
180,133.2,90.161,5.028,3,18
181,133.94,90.161,5.599,3,32
182,134.68,90.161,4.87,3,14
183,135.42,90.161,5.254,3,21
184,136.16,90.161,5.186,3,21
185,136.9,90.161,5.181,3,25
186,137.64,90.161,5.734,3,25
187,138.38,90.161,4.972,3,20
188,139.12,90.161,5.65,4,22
189,139.86,90.161,4.966,3,20
190,140.6,90.161,4.531,3,14
191,141.34,90.161,5.559,3,26
192,142.08,90.161,4.893,3,14
193,142.82,90.161,5.085,3,16
194,143.56,90.161,4.192,3,8
195,144.3,90.161,4.226,3,9
196,145.04,90.161,5.322,3,47
197,145.78,90.161,4.593,3,11
198,146.52,90.161,5.232,3,15
199,147.26,90.161,4.667,3,16
200,148,90.161,4.655,3,14
201,148.74,90.161,4.073,3,8
202,149.48,90.161,4.644,3,18
203,150.22,90.161,4.904,3,13
204,150.96,90.161,4.525,3,16
205,151.7,90.161,4.266,3,16
206,152.44,90.161,4.565,3,11
207,153.18,90.161,4.616,3,8
208,153.92,90.161,4.994,3,17
209,154.66,90.161,4.949,3,16
210,155.4,90.161,4.91,3,14
211,156.14,90.161,4.74,3,16
212,156.88,90.161,6.441,3,31
213,157.62,90.161,5.61,3,51
214,158.36,90.161,5.113,3,15
215,159.1,90.161,5.339,3,18
216,159.84,90.161,4.983,3,10
217,160.58,90.161,5.571,3,20
218,161.32,90.161,5.113,3,17
219,162.06,90.161,4.633,3,20
220,162.8,90.161,4.774,3,16
221,163.54,90.161,5.141,3,16
222,164.28,90.161,4.548,3,25
223,165.02,90.161,4.559,3,21
224,165.76,90.161,4.486,3,11
225,166.5,90.161,4.424,3,28
226,167.24,90.161,4.61,3,17
227,167.98,90.161,4.802,3,25
228,168.72,90.161,4.887,3,17
229,169.46,90.161,4.695,3,24
230,170.2,90.161,4.695,3,13
231,170.94,90.161,4.435,3,11
232,171.68,90.161,4.559,3,20
233,172.42,90.161,5.226,3,56
234,173.16,90.161,4.062,3,12
235,173.9,90.161,5.367,3,77
236,174.64,90.161,4.469,3,23
237,175.38,90.161,4.514,3,16
238,176.12,90.161,4.729,3,25
239,176.86,90.161,4.701,3,24
240,177.6,90.161,4.802,3,20
241,178.34,90.161,4.537,3,23
242,179.08,90.161,5.062,3,15
243,179.82,90.161,4.944,3,15
244,180.56,90.161,4.87,3,33
245,181.3,90.161,4.927,3,29
246,182.04,90.161,5.576,3,26
247,182.78,90.161,5.294,3,18
248,183.52,90.161,5.107,3,28
249,184.26,90.161,5.554,3,21
250,185,90.161,5.661,3,30
251,185.74,90.161,5.169,3,31
252,186.48,90.161,5.384,3,22
253,187.22,90.161,4.91,3,18
254,187.96,90.161,6.102,3,24
255,188.7,90.161,5.537,3,19
256,189.44,90.161,5.859,3,39
257,190.18,90.161,5.486,3,17
258,190.92,90.161,4.559,3,15
259,191.66,90.161,4.678,3,11
260,192.4,90.161,5.13,3,17
261,193.14,90.161,5.367,3,21
262,193.88,90.161,4.689,3,21
263,194.62,90.161,4.627,3,31
264,195.36,90.161,4.887,3,22
265,196.1,90.161,4.638,3,21
266,196.84,90.161,4.802,3,10
267,197.58,90.161,4.441,3,15
268,198.32,90.161,4.718,3,16
269,199.06,90.161,4.282,3,18
270,199.8,90.161,5.141,3,28
271,200.54,90.161,4.362,3,16
272,201.28,90.161,4.435,3,14
273,202.02,90.161,4.689,3,21
274,202.76,90.161,4.486,2,31
275,203.5,90.161,4.633,3,21
276,204.24,90.161,4.621,3,22
277,204.98,90.161,4.492,3,15
278,205.72,90.161,4.356,3,16
279,206.46,90.161,4.429,3,16
280,207.2,90.161,4.011,3,15
281,207.94,90.161,4.729,2,19
282,208.68,90.161,4.605,3,23
283,209.42,90.161,4.463,3,17
284,210.16,90.161,4.181,3,14
285,210.9,90.161,5.237,3,17
286,211.64,90.161,4.565,3,11
287,212.38,90.161,3.977,2,12
288,213.12,90.161,4.412,3,22
289,213.86,90.161,4.915,3,17
290,214.6,90.161,4.441,3,14
291,215.34,90.161,4.802,3,17
292,216.08,90.161,4.644,3,16
293,216.82,90.161,6.09,3,32
294,217.56,90.161,5.136,3,18
295,218.3,90.161,5.13,3,22
296,219.04,90.161,5.322,3,15
297,219.78,90.161,5.684,3,31
298,220.52,90.161,4.774,3,13
299,221.26,90.161,5.249,3,19
300,222,90.161,4.91,3,17
301,222.74,90.161,4.339,3,17
302,223.48,90.161,4.949,3,23
303,224.22,90.161,5.141,3,33
304,224.96,90.161,4.356,3,24
305,225.7,90.161,3.938,3,13
306,226.44,90.161,4.582,3,35
307,227.18,90.161,5.051,3,21
308,227.92,90.161,4.91,3,15
309,228.66,90.161,4.514,3,13
310,229.4,90.161,4.774,3,9
311,230.14,90.161,4.412,3,19
312,230.88,90.161,4.605,3,13
313,231.62,90.161,4.48,3,17
314,232.36,90.161,4.582,3,12
315,233.1,90.161,4.599,3,9
316,233.84,90.161,5.073,3,18
317,234.58,90.161,4.655,3,10
318,235.32,90.161,4.548,3,19
319,236.06,90.161,4.565,3,16
320,236.8,90.161,5.435,3,19
321,237.54,90.161,4.384,3,10
322,238.28,90.161,4.458,3,15
323,239.02,90.161,5.085,3,14
324,239.76,90.161,4.701,3,11
325,240.5,90.161,5.26,3,30
326,241.24,90.161,4.864,3,18
327,241.98,90.161,5,3,19
328,242.72,90.161,5.435,3,26
329,243.46,90.161,4.994,3,22
330,244.2,90.161,5.768,3,21
331,244.94,90.161,5.582,3,26
332,245.68,90.161,5.39,3,23
333,246.42,90.161,5.452,3,19
334,247.16,90.161,6.056,3,38
335,247.9,90.161,4.944,3,18
336,248.64,90.161,4.678,3,13
337,249.38,90.161,4.695,3,10
338,250.12,90.161,4.797,3,15
339,250.86,90.161,5.056,3,30
340,251.6,90.161,4.486,3,12
341,252.34,90.161,4.525,3,8
342,253.08,90.161,4.497,3,10
343,253.82,90.161,4.136,2,13
344,254.56,90.161,4.797,3,16
345,255.3,90.161,4.65,2,18
346,256.04,90.161,5.322,3,22
347,256.78,90.161,4.446,3,16
348,257.52,90.161,5.158,3,23
349,258.26,90.161,5.61,3,20
350,259,90.161,4.96,3,16
351,259.74,90.161,5.492,3,18
352,260.48,90.161,5.373,3,22
353,261.22,90.161,5.028,3,14
354,261.96,90.161,4.74,3,17
355,262.7,90.161,4.994,3,27
356,263.44,90.161,4.678,3,9
357,264.18,90.161,5.124,4,20
358,264.92,90.161,4.588,3,13
359,265.66,90.161,5.271,3,105
360,266.4,90.161,4.819,3,20
361,267.14,90.161,5.136,3,17
362,267.88,90.161,5.706,3,38
363,268.62,90.161,4.729,3,18
364,269.36,90.161,5.09,3,12
365,270.1,90.161,4.836,3,16
366,270.84,90.161,4.836,3,18
367,271.58,90.161,4.559,3,14
368,272.32,90.161,5.486,3,24
369,273.06,90.161,5.418,3,18
370,273.8,90.161,5.198,3,15
371,274.54,90.161,4.802,3,15
372,275.28,90.161,4.599,3,21
373,276.02,90.161,5.203,3,20
374,276.76,90.161,5.802,3,38
375,277.5,90.161,4.695,3,21
376,278.24,90.161,4.605,3,10
377,278.98,90.161,4.311,3,13
378,279.72,90.161,4.893,3,24
379,280.46,90.161,4.429,3,22
380,281.2,90.161,4.751,3,14
381,281.94,90.161,4.638,3,13
382,282.68,90.161,4.345,3,18
383,283.42,90.161,4.734,3,17
384,284.16,90.161,4.915,3,18
385,284.9,90.161,4.373,3,14
386,285.64,90.161,4.751,3,11
387,286.38,90.161,4.706,3,23
388,287.12,90.161,4.356,3,16
389,287.86,90.161,5.209,3,33
390,288.6,90.161,4.701,3,17
391,289.34,90.161,5.243,3,17
392,290.08,90.161,5.407,3,17
393,290.82,90.161,5.989,3,44
394,291.56,90.161,4.938,3,21
395,292.3,90.161,5.407,3,32
396,293.04,90.161,5.379,4,18
397,293.78,90.161,5.056,3,20
398,294.52,90.161,5.186,3,14
399,295.26,90.161,5.04,3,14
400,296,90.161,5.989,3,34
401,296.74,90.161,5.734,3,18
402,297.48,90.161,5.056,3,21
403,298.22,90.161,5.288,3,16
404,298.96,90.161,5.446,3,19
405,299.7,90.161,6.938,3,91
406,300.44,90.161,6.034,3,27
407,301.18,90.161,5.011,3,17
408,301.92,90.161,5.441,3,19
409,302.66,90.161,5.706,3,20
410,303.4,90.161,5.52,3,21
411,304.14,90.161,5.61,3,24
412,304.88,90.161,5.531,3,16
413,305.62,90.161,5.723,3,21
414,306.36,90.161,5.316,3,18
415,307.1,90.161,5.232,3,13
416,307.84,90.161,5.661,3,21
417,308.58,90.161,5.373,3,16
418,309.32,90.161,4.949,3,16
419,310.06,90.161,4.932,3,28
420,310.8,90.161,5.842,3,19
421,311.54,90.161,4.785,3,19
422,312.28,90.161,5.124,3,21
423,313.02,90.161,5.689,3,50
424,313.76,90.161,5.395,3,22
425,314.5,90.161,5.921,3,25
426,315.24,90.161,4.525,3,16
427,315.98,90.161,6.401,3,104
428,316.72,90.161,4.768,3,19
429,317.46,90.161,4.966,3,24
430,318.2,90.161,5.158,3,25
431,318.94,90.161,7.802,3,50
432,319.68,90.161,5.48,3,28
433,320.42,90.161,5.633,3,38
434,321.16,90.161,5.571,3,15
435,321.9,90.161,6.944,3,27
436,322.64,90.161,5.153,3,13
437,323.38,90.161,5.757,3,19
438,324.12,90.161,5.486,3,16
439,324.86,90.161,8.785,3,50
440,325.6,90.161,6.712,4,41
441,326.34,90.161,6.65,3,27
442,327.08,90.161,5.497,3,25
443,327.82,90.161,6.554,3,31
444,328.56,90.161,6.48,3,40
445,329.3,90.161,5.565,3,33
446,330.04,90.161,5.915,3,26
447,330.78,90.161,5.989,3,29
448,331.52,90.161,9.746,3,140
449,332.26,90.161,5.887,3,26
450,333,90.161,5.831,3,19
451,333.74,90.161,6.316,3,57
452,334.48,90.161,5.96,3,24
453,335.22,90.161,7.017,3,37
454,335.96,90.161,6.633,3,30
455,336.7,90.161,6.169,4,41
456,337.44,90.161,6.017,3,35
457,338.18,90.161,5.684,3,19
458,338.92,90.161,5.412,3,31
459,339.66,90.161,7.61,4,32
460,340.4,90.161,6.209,3,36
461,341.14,90.161,5.972,3,22
462,341.88,90.161,5.282,3,31
463,342.62,90.161,5.944,3,40
464,343.36,90.161,5.548,3,29
465,344.1,90.161,5.881,3,33
466,344.84,90.161,6.322,3,25
467,345.58,90.161,5.87,3,29
468,346.32,90.161,5.949,3,45
469,347.06,90.161,9.893,3,57
470,347.8,90.161,6.582,4,31
471,348.54,90.161,6.345,3,29
472,349.28,90.161,6.802,3,35
473,350.02,90.161,6.893,3,43
474,350.76,90.161,6.458,3,37
475,351.5,90.161,7.096,4,30
476,352.24,90.161,6.814,3,42
477,352.98,90.161,7.316,4,30
478,353.72,90.161,10.096,4,45
479,354.46,90.161,7.797,3,45
480,355.2,90.161,8.073,4,36
481,355.94,90.161,9.096,4,150
482,356.68,90.161,8.288,4,41
483,357.42,90.161,7.384,3,35
484,358.16,90.161,7.61,3,28
485,358.9,90.161,9.915,4,59
486,359.64,90.161,7.514,4,51
487,360.38,90.161,7.797,4,36
488,361.12,90.161,8.22,4,36
489,361.86,90.161,8.418,4,41
490,362.6,90.161,7.791,4,39
491,363.34,90.161,8.096,4,44
492,364.08,90.161,9.514,4,35
493,364.82,90.161,8,4,40
494,365.56,90.161,6.655,3,33
495,366.3,90.161,8.237,4,67
496,367.04,90.161,7.497,4,35
497,367.78,90.161,7.39,3,36
498,368.52,90.161,7.61,3,48
499,369.26,90.161,7.729,3,50
500,370,90.161,9.757,4,41
501,370.74,90.161,9.395,3,50
502,371.48,90.161,8.475,3,83
503,372.22,90.161,7.977,3,48
504,372.96,90.161,7.531,3,65
505,373.7,90.161,7.785,3,39
506,374.44,90.161,7.475,3,45
507,375.18,90.161,7.525,3,48
508,375.92,90.161,8.503,3,44
509,376.66,90.161,8.09,3,43
510,377.4,90.161,7.006,3,39
511,378.14,90.161,7.684,3,61
512,378.88,90.161,7.52,3,44
513,379.62,90.161,7.458,3,50
514,380.36,90.161,7.508,3,40
515,381.1,90.161,7.04,3,69
516,381.84,90.161,8.26,3,37
517,382.58,90.161,7.299,3,51
518,383.32,90.161,7.249,3,52
519,384.06,90.161,6.599,3,32
520,384.8,90.161,7.028,3,58
521,385.54,90.161,6.932,3,34
522,386.28,90.161,6.819,3,27
523,387.02,90.161,7.034,3,33
524,387.76,90.161,7.627,3,41
525,388.5,90.161,9.35,3,54
526,389.24,90.161,7.927,3,35
527,389.98,90.161,8.028,3,35
528,390.72,90.161,7.379,3,33
529,391.46,90.161,6.797,3,40
530,392.2,90.161,6.932,3,36
531,392.94,90.161,7.277,3,45
532,393.68,90.161,8.938,3,44
533,394.42,90.161,8.107,3,72
534,395.16,90.161,7.147,3,29
535,395.9,90.161,6.751,3,32
536,396.64,90.161,6.328,3,32
537,397.38,90.161,6.887,3,40
538,398.12,90.161,6.537,3,39
539,398.86,90.161,6.593,3,28
540,399.6,90.161,7.023,3,42
541,400.34,90.161,6.825,3,43
542,401.08,90.161,6.497,3,38
543,401.82,90.161,6.932,3,36
544,402.56,90.161,7.588,4,54
545,403.3,90.161,8.864,3,53
546,404.04,90.161,8.542,3,55
547,404.78,90.161,7.938,3,73
548,405.52,90.161,7.537,3,47
549,406.26,90.161,7.186,3,46
550,407,90.161,6.881,3,28
551,407.74,90.161,7.921,3,40
552,408.48,90.161,7.599,3,42
553,409.22,90.161,6.621,3,46
554,409.96,90.161,6.712,3,29
555,410.7,90.161,6.65,3,26
556,411.44,90.161,6.424,3,31
557,412.18,90.161,5.96,3,42
558,412.92,90.161,6.373,3,26
559,413.66,90.161,6.831,3,35
560,414.4,90.161,6.226,3,27
561,415.14,90.161,6.582,3,50
562,415.88,90.161,6.593,3,31
563,416.62,90.161,6.746,3,36
564,417.36,90.161,6.379,3,32
565,418.1,90.161,6.977,3,40
566,418.84,90.161,7.407,3,45
567,419.58,90.161,7.232,3,32
568,420.32,90.161,6.955,3,29
569,421.06,90.161,6.655,3,33
570,421.8,90.161,6.938,3,40
571,422.54,90.161,7.079,3,36
572,423.28,90.161,6.678,3,35
573,424.02,90.161,6.864,3,33
574,424.76,90.161,6.288,3,26
575,425.5,90.161,6.808,3,40
576,426.24,90.161,6.701,3,31
577,426.98,90.161,7.458,3,35
578,427.72,90.161,8.215,3,37
579,428.46,90.161,7.13,3,45
580,429.2,90.161,5.887,3,32
581,429.94,90.161,6.61,3,49
582,430.68,90.161,7.175,3,42
583,431.42,90.161,7.463,3,39
584,432.16,90.161,8.418,3,44
585,432.9,90.161,7.407,3,42
586,433.64,90.161,6.056,3,46
587,434.38,90.161,6.944,3,37
588,435.12,90.161,7.203,3,35
589,435.86,90.161,7.446,3,52
590,436.6,90.161,8.068,3,60
591,437.34,90.161,6.87,3,41
592,438.08,90.161,6.802,3,29
593,438.82,90.161,7.542,3,45
594,439.56,90.161,6.362,3,32
595,440.3,90.161,6.463,3,24
596,441.04,90.161,6.333,3,32
597,441.78,90.161,6.571,2,42
598,442.52,90.161,7.768,3,201
599,443.26,90.161,6.458,3,28
600,444,90.161,6.13,3,35
601,444.74,90.161,6.277,3,31
602,445.48,90.161,6.39,3,36
603,446.22,90.161,5.768,3,28
604,446.96,90.161,6.757,0,201
605,447.7,90.161,5.949,3,42
606,448.44,90.161,6.141,3,31
607,449.18,90.161,6.655,3,27
608,449.92,90.161,6.424,3,27
609,450.66,90.161,6.463,3,38
610,451.4,90.161,6.226,3,47
611,452.14,90.161,6.136,3,33
612,452.88,90.161,7.328,3,38
613,453.62,90.161,6.802,3,46
614,454.36,90.161,6.593,3,30
615,455.1,90.161,6.113,3,30
616,455.84,90.161,6.672,3,44
617,456.58,90.161,6.91,3,41
618,457.32,90.161,6.774,3,35
619,458.06,90.161,6.22,3,32
620,458.8,90.161,6.192,3,28
621,459.54,90.161,6.633,3,37
622,460.28,90.161,7.068,3,43
623,461.02,90.161,6.91,3,38
624,461.76,90.161,6.621,3,38
625,462.5,90.161,6.751,3,42
626,463.24,90.161,6.13,3,25
627,463.98,90.161,6.842,3,35
628,464.72,90.161,8.831,3,51
629,465.46,90.161,6.565,3,44
630,466.2,90.161,6.051,3,32
631,466.94,90.161,6.232,3,25
632,467.68,90.161,6.028,3,39
633,468.42,90.161,7.102,3,33
634,469.16,90.161,7.599,3,48
635,469.9,90.161,8.243,3,55
636,470.64,90.161,6.751,3,38
637,471.38,90.161,6.294,3,32
638,472.12,90.161,7.689,3,40
639,472.86,90.161,7.424,3,55
640,473.6,90.161,7.124,3,31
641,474.34,90.161,6.667,3,35
642,475.08,90.161,6.384,3,27
643,475.82,90.161,7.797,4,40
644,476.56,90.161,7.153,3,51
645,477.3,90.161,7.113,3,40
646,478.04,90.161,6.644,3,41
647,478.78,90.161,6.751,3,35
648,479.52,90.161,6.921,3,26
649,480.26,90.161,7.226,3,31
650,481,90.161,5.927,3,33
651,481.74,90.161,7.328,3,37
652,482.48,90.161,7.266,3,32
653,483.22,90.161,7.492,3,46
654,483.96,90.161,8.565,3,38
655,484.7,90.161,8.576,3,39
656,485.44,90.161,7.379,3,39
657,486.18,90.161,7.588,3,40
658,486.92,90.161,6.904,3,46
659,487.66,90.161,6.616,3,38
660,488.4,90.161,6.237,3,56
661,489.14,90.161,6.565,3,49
662,489.88,90.161,6.384,3,47
663,490.62,90.161,6.068,3,24
664,491.36,90.161,6.78,3,31
665,492.1,90.161,6.395,3,37
666,492.84,90.161,6.203,3,30
667,493.58,90.161,6.22,3,28
668,494.32,90.161,6.508,3,54
669,495.06,90.161,8.605,3,66
670,495.8,90.161,8.791,4,43
671,496.54,90.161,7.215,3,39
672,497.28,90.161,6.644,3,31
673,498.02,90.161,5.994,3,28
674,498.76,90.161,6.147,3,27
675,499.5,90.161,5.678,3,26
676,500.24,90.161,6.876,3,35
677,500.98,90.161,7.107,3,35
678,501.72,90.161,6.418,3,37
679,502.46,90.161,6.435,3,30
680,503.2,90.161,6.977,3,31
681,503.94,90.161,6.853,3,35
682,504.68,90.161,6.542,3,31
683,505.42,90.161,6.706,3,32
684,506.16,90.161,6.096,3,34
685,506.9,90.161,6.898,3,44
686,507.64,90.161,7.181,3,36
687,508.38,90.161,8.554,4,52
688,509.12,90.161,8.627,3,53
689,509.86,90.161,7.588,3,46
690,510.6,90.161,7,3,39
691,511.34,90.161,7.045,3,36
692,512.08,90.161,7.893,3,41
693,512.82,90.161,7.282,3,32
694,513.56,90.161,7.655,3,44
695,514.3,90.161,8.181,3,29
696,515.04,90.161,7.068,3,35
697,515.78,90.161,6.989,3,31
698,516.52,90.161,7.395,3,30
699,517.26,90.161,8.232,3,36
700,518,90.161,10.367,3,58
701,518.74,90.161,8.429,3,41
702,519.48,90.161,7.028,3,37
703,520.22,90.161,6.921,3,38
704,520.96,90.161,7.672,3,52
705,521.7,90.161,6.621,4,31
706,522.44,90.161,6.881,3,34
707,523.18,90.161,7.175,3,48
708,523.92,90.161,7.271,3,29
709,524.66,90.161,7.113,3,55
710,525.4,90.161,7.35,3,33
711,526.14,90.161,7.045,3,43
712,526.88,90.161,7.802,3,31
713,527.62,90.161,9.689,4,54
714,528.36,90.161,8.169,4,58
715,529.1,90.161,7.39,3,54
716,529.84,90.161,8.232,3,57
717,530.58,90.161,7.508,4,34
718,531.32,90.161,7.051,3,68
719,532.06,90.161,7.757,3,56
720,532.8,90.161,8.571,3,126
721,533.54,90.161,7.644,3,45
722,534.28,90.161,9.192,3,48
723,535.02,90.161,8.633,4,53
724,535.76,90.161,8.209,3,36
725,536.5,90.161,7.469,3,34
726,537.24,90.161,7.35,3,46
727,537.98,90.161,7.22,3,37
728,538.72,90.161,8.079,3,62
729,539.46,90.161,7.763,3,38
730,540.2,90.161,7.966,3,51
731,540.94,90.161,9.153,3,57
732,541.68,90.161,10.254,3,43
733,542.42,90.161,9.249,3,61
734,543.16,90.161,8.689,3,67
735,543.9,90.161,8.39,3,45
736,544.64,90.161,7.678,3,42
737,545.38,90.161,8.949,3,38
738,546.12,90.161,7.667,3,35
739,546.86,90.161,7.582,3,29
740,547.6,90.161,8.384,3,33
741,548.34,90.161,8.746,3,45
742,549.08,90.161,10.503,3,38
743,549.82,90.161,9.345,4,49
744,550.56,90.161,9.147,3,48
745,551.3,90.161,8.757,4,42
746,552.04,90.161,7.588,2,45
747,552.78,90.161,7.61,3,36
748,553.52,90.161,7.74,3,40
749,554.26,90.161,8.288,3,39
750,555,90.161,7.282,3,42
751,555.74,90.161,7.186,3,42
752,556.48,90.161,7.706,3,36
753,557.22,90.161,9.802,3,69
754,557.96,90.161,8.452,3,54
755,558.7,90.161,7.328,3,39
756,559.44,90.161,7.232,3,35
757,560.18,90.161,7.763,3,37
758,560.92,90.161,7.26,3,43
759,561.66,90.161,8.124,3,52
760,562.4,90.161,7.633,3,44
761,563.14,90.161,7.492,3,53
762,563.88,90.161,7.582,3,29
763,564.62,90.161,7.006,3,32
764,565.36,90.161,7.328,3,34
765,566.1,90.161,7.706,3,30
766,566.84,90.161,7.582,3,41
767,567.58,90.161,9.339,3,39
768,568.32,90.161,9.593,3,50
769,569.06,90.161,8.181,3,46
770,569.8,90.161,9.232,3,47
771,570.54,90.161,8.192,3,40
772,571.28,90.161,8.305,3,67
773,572.02,90.161,8.435,3,40
774,572.76,90.161,7.785,3,50
775,573.5,90.161,8.147,3,41
776,574.24,90.161,7.232,3,35
777,574.98,90.161,8.322,3,41
778,575.72,90.161,7.266,3,40
779,576.46,90.161,7.644,3,54
780,577.2,90.161,8.006,3,46
781,577.94,90.161,10.492,3,57
782,578.68,90.161,9.147,3,51
783,579.42,90.161,8.65,3,63
784,580.16,90.161,8.028,3,43
785,580.9,90.161,7.684,3,45
786,581.64,90.161,8.096,3,45
787,582.38,90.161,7.729,3,32
788,583.12,90.161,8.056,3,48
789,583.86,90.161,7.593,3,62
790,584.6,90.161,8.61,3,60
791,585.34,90.161,7.576,3,44
792,586.08,90.161,9.61,3,47
793,586.82,90.161,7.627,3,40
794,587.56,90.161,7.198,3,35
795,588.3,90.161,7.565,3,45
796,589.04,90.161,8.983,3,49
797,589.78,90.161,9.734,3,55
798,590.52,90.161,8.989,3,40
799,591.26,90.161,10.621,4,72
800,592,90.161,11.384,4,60
801,592.74,90.161,8.497,3,60
802,593.48,90.161,7.384,3,36
803,594.22,90.161,8.056,3,45
804,594.96,90.161,8.424,3,62
805,595.7,90.161,7.322,3,49
806,596.44,90.161,7.836,3,46
807,597.18,90.161,8.859,3,36
808,597.92,90.161,7.35,3,60
809,598.66,90.161,7.718,3,48
810,599.4,90.161,7.768,3,32
